Degree,Time (s),Error
50.0,2.897348165512085,49.49572689435476
60.0,3.701249122619629,0.0017543061354225106
70.0,3.9249987602233887,6.191525881091287e-07
80.0,4.9146013259887695,6.191525881091287e-07
90.0,5.144842624664307,6.191525881091287e-07
