Degree,Time (s),Error
50.0,0.8334085941314697,49.49572689435476
55.0,0.9110565185546875,1.0198542661472219
60.0,1.0138075351715088,0.0017543061354225106
65.0,1.0852136611938477,1.8305665304717278e-05
70.0,1.1799910068511963,6.191525881091287e-07
75.0,1.239943027496338,6.191525881091287e-07
80.0,1.3298847675323486,6.191525881091287e-07
85.0,2.959836006164551,6.191525881091287e-07
90.0,4.650136709213257,6.191525881091287e-07
95.0,5.074789524078369,6.191525881091287e-07
